id,category_id,subcategory_id,name,slug,sku,description,category_slug,price,image,image_2,image_3,image_4,image_5,created_at,updated_at
"2,3,1,""4mm Coroplast"",""4mm-coroplast"",SKU-AYEF84OQ,Coroplast signs are durable and a great option for outdoor signage. 4mm signs are typically used as yard signs.,large-format,5.75,"""","""","""","""","""",""2024-09-16 15:57:33"",""2024-09-16 15:57:33"""
"3,3,1,""6mm Coroplast"",""6mm-coroplast"",SKU-TMETPGR4,Coroplast signs are durable and a great option for outdoor signage. 6mm signs are typically used as outdoor signage,large-format,10,"""","""","""","""","""",""2024-09-16 15:57:33"",""2024-09-16 15:57:33"""
"4,3,1,""8mm Coroplast"",""8mm-coroplast"",SKU-RBY6ANCN,""Coroplast signs are durable and a great option for outdoor signage. 8mm signs are thicker, more durable and are typically used as real estate “For sale” signs"",large-format,10.75,"""","""","""","""","""",""2024-09-16 15:57:33"",""2024-09-16 15:57:33"""
"5,3,1,""10mm Coroplast"",""10mm-coroplast"",SKU-UJ9RLZK3,""Now you can print extra-thick corrugated plastic signs that are perfect for heavy duty outdoor use. They’re great for real estate signage, advertising, and more."",large-format,11.99,"""","""","""","""","""",""2024-09-16 15:57:33"",""2024-09-16 15:57:33"""
"6,3,2,Floor Graphics,floor-graphics-1,SKU-KKEQVWYL,""Print vinyl floor graphics that are removable, safe, and long-lasting. Scratch-resistant and non-slip Adheres to floors, walls, windows, and more Made from semi-rigid vinyl with matte vinyl laminate "",large-format,23.25,"""","""","""","""","""",""2024-09-16 15:57:33"",""2024-09-16 15:57:33"""
"7,3,2,Directional Floor Graphics,directional-floor-graphics,SKU-R8MFZHC0,""Directional floor graphics, great for business, has symbols arrows, and words!"",large-format,31,"""","""","""","""","""",""2024-09-16 15:57:33"",""2024-09-16 15:57:33"""
"8,3,,Foam Board,foam-board,SKU-WIMBYTLJ,Foam board is a lightweight sign that is ideal for the indoors.,large-format,9.35,"""","""","""","""","""",""2024-09-16 15:57:33"",""2024-09-16 15:57:33"""
"9,3,,Aluminum Signs,aluminum-signs,SKU-HLOJU20O,Print custom metal signage for the outdoors on this durable aluminum with a matte surface for reducing glare. Pre-painted bright white front and bare aluminum (mill finish) back Optional rounded corners for added safety Optional drill holes for easy installing,large-format,9.25,"""","""","""","""","""",""2024-09-16 15:57:33"",""2024-09-16 15:57:33"""
"10,3,3,Matte Vinyl Banners,matte-banners,SKU-YMAUS4GC,""With a finish that softens strong glare, Matte Vinyl Banners are perfect under sunlight and bright lighting."",large-format,3.2,"""","""","""","""","""",""2024-09-16 15:57:33"",""2024-09-16 15:57:33"""
"11,3,3,Glossy Vinyl Banners,glossy-banners,SKU-VIY70YXG,""Vinyl banners are a cost-effective, portable way of communicating your message in a big way. Glossy vinyl scrim banners have a shiny finish."",large-format,3.2,"""","""","""","""","""",""2024-09-16 15:57:33"",""2024-09-16 15:57:33"""
"12,3,3,Mesh Banners,mesh-banners,SKU-NGBM38VO,""Mesh banners are great for outdoor use, even in areas that are windy or wet. Air passes through the mesh material easily so that your customers can communicate their message no matter the weather."",large-format,4.1,"""","""","""","""","""",""2024-09-16 15:57:33"",""2024-09-16 15:57:33"""
"13,3,3,""13oz Matte Vinyl – Black Base Pull-up Banner"",""13oz-matte-vinyl–black-base-pull-up-banner"",SKU-WOC92QLW,Retractable banners help your customer display their message in high-traffic areas.,large-format,95.95,"""","""","""","""","""",""2024-09-16 15:57:33"",""2024-09-16 15:57:33"""
"14,3,3,""13oz Matte Vinyl – Silver Base Pull-up Banner"",""13oz matte-vinyl – silver-base-pull-up-banner"",SKU-QX5Y5EZ3,Retractable banners help your customer display their message in high-traffic areas.,large-format,95.95,"""","""","""","""","""",""2024-09-16 15:57:33"",""2024-09-16 15:57:33"""
"15,3,3,""13oz Matte Vinyl Prenium pull Up Banner"",""13oz-matte-vinyl-premium-pull-up-banner"",SKU-HHAZUCS2,remium pull up banners are the next level of luxury for your clients’ custom pull up banners. They add even more professionalism and stability so that your client’s message stands out from the rest.,large-format,135,"""","""","""","""","""",""2024-09-16 15:57:34"",""2024-09-16 15:57:34"""
"16,3,3,Table Top 13oz Matte Vinyl Pull Up Banner,table-top-13oz-matte-vinyl-pull-up-banner,SKU-ANLTJBMQ,Each table top pull up banner is a smaller version of a retractable banner. They’re especially popular at trade shows and conventions where space is limited. These mini pull up banners are also easy to transport and set up.,large-format,42,"""","""","""","""","""",""2024-09-16 15:57:34"",""2024-09-16 15:57:34"""
"17,3,3,Wide Premium 13oz Matte Vinyl Pull Up Banner,wide-premium-13oz-matte-vinyl-pull-up-banner,SKU-FP9XVNKT,Premium wide pull up banners are great for communicating a brand or message that needs some extra space. They’re also one of the best trade show banners for making a big impact.,large-format,205,"""","""","""","""","""",""2024-09-16 15:57:34"",""2024-09-16 15:57:34"""
"18,3,3,Double Sded 13oz Matte Vinyl Pull Up Banner,double-sided-13oz-matte-vinyl-pull-up-banner,SKU-ZROJMHYL,Premium wide pull up banners are great for communicating a brand or message that needs some extra space. They’re also one of the best trade show banners for making a big impact.,large-format,205,"""","""","""","""","""",""2024-09-16 15:57:34"",""2024-09-16 15:57:34"""
"19,3,,Car Magnets,Car-magnets,SKU-YFOGQ5WQ,""30 MIL thick magnet that can be placed on vehicle doors to add branding."",large-format,12.75,"""","""","""","""","""",""2024-09-16 15:57:34"",""2024-09-16 15:57:34"""
"20,3,4,""6 ft Table Covers"",""6- ft-table-covers"",SKU-RIDEIINL,""100% polyester woven textile Machine washable and wrinkle resistant Closed back (4 sided cover) or open back (3 sided cover) "",large-format,175,"""","""","""","""","""",""2024-09-16 15:57:34"",""2024-09-16 15:57:34"""
"21,3,4,""8 ft Table Covers"",""8-ft-table-covers"",SKU-5JGONMBV,""Print custom table covers for standard 8’ tables at trade shows, conventions, and other indoor events. 100% polyester woven textile Machine washable and wrinkle resistant Closed back (4 sided cover) or open back (3 sided cover) "",large-format,180,"""","""","""","""","""",""2024-09-16 15:57:34"",""2024-09-16 15:57:34"""
"22,3,,Adhesive Vinyl,adhesive-vinyl,SKU-PILAZKQO,""A durable, outdoor-friendly material that is perfect for mounting on a range of subtrates and surfaces including painted dry wall. This product is used for point of purchase displays, trade show displays, hard-to-adhere substrates and permanent wall graphics."",large-format,24.99,"""","""","""","""","""",""2024-09-16 15:57:34"",""2024-09-16 15:57:34"""
"23,3,,Window Perferated Vinyl,window-perferated-vinyl,SKU-IKVE2LPM,Transform store front windows with eye-catching images and advertising. The see-through material creates the illusion of an opaque design for passerbys without blocking light entering the store.,large-format,32.25,"""","""","""","""","""",""2024-09-16 15:57:34"",""2024-09-16 15:57:34"""
"24,3,,Large Format Posters,large-format-posters,SKU-PH83R3WJ,These posters are printed on a semi-gloss card stock material.,large-format,16.5,"""","""","""","""","""",""2024-09-16 15:57:34"",""2024-09-16 15:57:34"""
"25,3,,Styrene 20pt,styrene-20pt,SKU-YHIIBQKC,A light weight but durable pvc sheet,large-format,9.5,"""","""","""","""","""",""2024-09-16 15:57:34"",""2024-09-16 15:57:34"""
"26,3,5,Display Board 24pt,display-board-24-pt,SKU-NQI2ZBUI,""Printed on very thick semi-gloss card stock. Best suited for posters, signage and POP advertising"",large-format,9,"""","""","""","""","""",""2024-09-16 15:57:35"",""2024-09-16 15:57:35"""
"27,3,5,Display Board 40pt,display-board-40-pt,SKU-IWFGETPY,""Printed on very thick semi-gloss card stock. Best suited for posters, signage and POP advertising."",large-format,10,"""","""","""","""","""",""2024-09-16 15:57:35"",""2024-09-16 15:57:35"""
"28,3,6,Canvas Roll Large Format,canvas-roll-large-format,SKU-QWEL26HM,Canvas prints are typically used for photography and canvas art pieces. Our canvas prints on solvent ink printers and the canvas is acid free.,large-format,21,"""","""","""","""","""",""2024-09-16 15:57:35"",""2024-09-16 15:57:35"""
"29,3,6,Stretched Canvas Large Format,stretched-canvas-large-format,SKU-3CMWRHE3,These ready-to-use custom canvas prints are stretched over 1.5” wooden frames made from high quality North American basswood.,large-format,23,"""","""","""","""","""",""2024-09-16 15:57:35"",""2024-09-16 15:57:35"""
"30,3,,Sintra / PVC,sintra-pvc,SKU-AQDEA3YX,PVC (Sintra) is a lightweight but very durable material. It is a great choice for outdoor signage. Durable and dense yet light Suitable for both indoor and outdoor use Waterproof and easy to clean Low gloss surface to reduce glare,large-format,24,"""","""","""","""","""",""2024-09-16 15:57:35"",""2024-09-16 15:57:35"""
"31,3,,A-Frame Signs,a-frame-signs,SKU-ZHE9XFEE,These signs are a portable and easy to use marketing tool that captures the attention of passing customers.,large-format,62,"""","""","""","""","""",""2024-09-16 15:57:35"",""2024-09-16 15:57:35"""
"32,3,,Removable Wall Decals,removable-wall-decal,SKU-7FGUUKXI,""Custom removable wall decals are the perfect tools to help your clients redecorate without commitment. Flexible and suitable for most indoor walls, these decals can be used for wall graphics, murals, and more."",large-format,15,"""","""","""","""","""",""2024-09-16 15:57:35"",""2024-09-16 15:57:35"""
"33,3,,A-fFrame Stands,a-frame-stands,SKU-W9PVF9S3,Signs are inserted into each side of these A frame stands to ensure that your promotion is visible from opposite directions.,large-format,33.55,"""","""","""","""","""",""2024-09-16 15:57:35"",""2024-09-16 15:57:35"""
"34,3,,H-Stands For Signs,H-stands-for-signs,SKU-OZ3DQN3E,H stands are inserted into the vertical flutes of coroplast signs at one end and inserted into the yard at the other end. They ensure that your coroplast signs remain standing on the ground. They are 3.5 mm gauge.,large-format,16.45,"""","""","""","""","""",""2024-09-16 15:57:35"",""2024-09-16 15:57:35"""
"35,2,7,""10pt + Matte Finish Postcards"",""10pt-matte-finish-postacards"",SKU-XEK3FUYH,""Postcards are a powerful and cost-effective marketing tool, particularly useful as a mailer. Value postcards are more economical, but still a very powerful marketing tool."",Print-products,28,"""","""","""","""","""",""2024-09-16 15:57:36"",""2024-09-16 15:57:36"""
"36,2,7,""14pt + Matte Finish Postcards"",""14pt-matte-finish-postacards"",SKU-8IFRJJ4G,Postcards are powerful marketing tools that are especially suitable as mailers. These 14 pt matte postcards offer a smooth finish and thicker stock.,Print-products,16,"""","""","""","""","""",""2024-09-16 15:57:36"",""2024-09-16 15:57:36"""
"37,2,7,""16pt + Matte Finish Postcards"",""16pt-matte-finish-products"",SKU-7XFIZRPR,Postcards are powerful marketing tools that are especially suitable as mailers. These 16pt matte postcards offer a smooth finish and thicker stock.,Print-products,18,"""","""","""","""","""",""2024-09-16 15:57:36"",""2024-09-16 15:57:36"""
"38,2,7,""14pt + UV postcards"",""14pt-uv-postcards"",SKU-D7AGBMII,""Postcards are a powerful and cost-effective marketing tool, particularly useful as a mailer. Postcards with UV coating offer a shiny, glossy look and feel."",Print-products,11.5,"""","""","""","""","""",""2024-09-16 15:57:36"",""2024-09-16 15:57:36"""
"39,2,7,""16pt + UV Postcards"",""16pt-uv-postcards"",SKU-C7MZ1CSM,""Postcards are a powerful and cost-effective marketing tool, particularly useful as a mailer. These postcards have a high gloss coating and are a good option for those seeking thicker cards."",Print-products,11.5,"""","""","""","""","""",""2024-09-16 15:57:36"",""2024-09-16 15:57:36"""
"40,2,7,""18pt-Gloss Lamination Postcards"",""18pt-gloss-lamination-postcards"",SKU-I5H0EGHS,""Postcards are a powerful and cost-effective marketing tool, particularly useful as a mailer. Postcards with a glossy and shiny lamination. They offer better durability."",Print-products,42.5,"""","""","""","""","""",""2024-09-16 15:57:36"",""2024-09-16 15:57:36"""
"41,2,7,""18pt Matte / Silk Lamination Postcards"",""18pt-matte-silk-lamination-postcards"",SKU-TSD4VZZQ,""Postcards are a powerful and cost-effective marketing tool, particularly useful as a mailer. Postcards with a silky lamination. They offer better durability and elegance."",Print-products,42.5,"""","""","""","""","""",""2024-09-16 15:57:36"",""2024-09-16 15:57:36"""
"42,2,7,""10pt AQ Postcards"",""10pt-aq-postcards"",SKU-GTFUHFEW,""Postcards are a powerful and cost-effective marketing tool, particularly useful as a mailer. Value postcards are more economical, but still a very powerful marketing tool."",Print-products,30,"""","""","""","""","""",""2024-09-16 15:57:36"",""2024-09-16 15:57:36"""
"43,2,7,""14pt AQ Postcards"",""14pt-aq-postcards"",SKU-3JIB14L4,""Postcards are a powerful and cost-effective marketing tool, particularly useful as a mailer. Value postcards are more economical, but still a very powerful marketing tool."",Print-products,16.75,"""","""","""","""","""",""2024-09-16 15:57:36"",""2024-09-16 15:57:36"""
"44,2,7,""16pt AQ Postcards"",""16pt-aq-postcards"",SKU-GXYREEAM,""Postcards are a powerful and cost-effective marketing tool, particularly useful as a mailer. These semi-gloss postcards are a good option for those seeking thicker cards."",Print-products,16.75,"""","""","""","""","""",""2024-09-16 15:57:36"",""2024-09-16 15:57:36"""
"45,2,7,""13pt Enviro Uncoated Postcard"",""13pt-enviro-uncoated-postcards"",SKU-LDWPHLFN,""Postcards are a powerful and cost-effective marketing tool, particularly useful as a mailer. These postcards contain 30% post consumer recycled material, making them a more environmentally friendly option."",Print-products,18.75,"""","""","""","""","""",""2024-09-16 15:57:36"",""2024-09-16 15:57:36"""
"46,2,7,""13pt Linen Uncoated Postcards"",""13pt-linen-uncoated-postcards"",SKU-BUEKOEWZ,""Postcards are a powerful and cost-effective marketing tool, particularly useful as a mailer. Linen postcards offer a premium look and a distinctive feel that stand out."",Print-products,55.5,"""","""","""","""","""",""2024-09-16 15:57:37"",""2024-09-16 15:57:37"""
"47,2,7,""14pt Writable + AQ Postcards"",""14pt-writable-aq-postcards"",SKU-ABZLCLC2,""Postcards are a powerful and cost-effective marketing tool, particularly useful as a mailer. These postcards combine a glossy and shiny coated side with an uncoated, writable side."",Print-products,32.5,"""","""","""","""","""",""2024-09-16 15:57:37"",""2024-09-16 15:57:37"""
"48,2,7,""14pt Writable + UV"",""14pt-writable-uv-postcards"",SKU-KFRDZYHA,""Postcards are a powerful and cost-effective marketing tool, particularly useful as a mailer. These postcards combine a glossy and shiny coated side with an uncoated, writable side."",Print-products,27.65,"""","""","""","""","""",""2024-09-16 15:57:37"",""2024-09-16 15:57:37"""
"49,2,8,Metallic Foil Postcards,Metallic-foil-postcards,SKU-R3XC8VY0,Raised foil postcards stand out with their silver or gold custom foil printing. Our wholesale foil printing produces a premium look popular for invitations cards and certificates,Print-products,85,"""","""","""","""","""",""2024-09-16 15:57:37"",""2024-09-16 15:57:37"""
"50,2,8,Spot UV Postcards,Spot-uv-postcards,SKU-LVN3GTHH,Print laminated postcards with raised spot gloss for a premium marketing tool. Silky matte lamination Slightly raised clear UV gloss Lamination provides a protective layer for cards Perfect for adding tactile elements to print ,Print-products,175,"""","""","""","""","""",""2024-09-16 15:57:37"",""2024-09-16 15:57:37"""
"51,2,8,Kraft Paper Postcards,Kraft-paper-postcards,SKU-REXKIMUW,Kraft paper postcard printing on 100% recycled kraft cardstock produces an eco-friendly postcard with natural fibers. Custom printed kraft postcards have a handmade look that is becoming an increasingly popular printing trend. Please note we do not print white inks on kraft stock (only CMYK inks will be printed). Not recommended for full color photos/images as they will become darker due to the darker color of the paper. This is better suited for high contrast designs with fewer colors.,Print-products,26.5,"""","""","""","""","""",""2024-09-16 15:57:37"",""2024-09-16 15:57:37"""
"52,2,8,Pearl Paper Postcards,Pearl-paper-postcards,SKU-JJKYESZD,""Pearl paper stock has a smooth, metallic shine due to the iridescent fibers infused into the pearl paper. Often referred to as pearl shimmer paper, this stock has a unique aesthetic appeal along with its distinct texture."",Print-products,65.5,"""","""","""","""","""",""2024-09-16 15:57:37"",""2024-09-16 15:57:37"""
"53,2,8,Durable Postcards,Durable-postcards,SKU-VT3CSSC9,""Waterproof postcards made from this premium synthetic paper retain ink rain or shine. Non-toxic, tear-resistant and 100% recyclable, these durable postcards are sure to differentiate you from your competitors."",Print-products,85.85,"""","""","""","""","""",""2024-09-16 15:57:37"",""2024-09-16 15:57:37"""
"54,2,9,""100lb Gloss Text Flyer"",""100lb-gloss-text-flyer"",SKU-8FZZ2FBO,Flyers are great marketing tools that can be used to promote products and services. These flyers have a semi-gloss appearance and are the most popular.,Print-products,21,"""","""","""","""","""",""2024-09-16 15:57:37"",""2024-09-16 15:57:37"""
"55,2,9,""100lb Matte Finish Flyers"",""100lb-matte-finish-flyers"",SKU-QG9LJJXF,""Flyers are great marketing tools that can be used to promote products and services. These flyers use our regular semi-gloss stock but do not have any additional gloss coating applied, resulting in a standard matte finish."",Print-products,26.5,"""","""","""","""","""",""2024-09-16 15:57:37"",""2024-09-16 15:57:37"""
"56,2,9,""100lb UV High Gloss Flyers"",""100lb-uv-high-gloss-flyers"",SKU-4AAI94ZA,Flyers are great marketing tools that can be used to promote products and services. These flyers offer a glossy and shiny look easily catch the eye.,Print-products,28.5,"""","""","""","""","""",""2024-09-16 15:57:37"",""2024-09-16 15:57:37"""
"57,2,9,""80lb Enviro Uncoated flyers"",""80lb-enviro-uncoated-flyers"",SKU-PGD2MWEM,""Flyers are great marketing tools that can be used to promote products and services. These flyers contain 100% post consumer recycled material, making them a more environmentally friendly option."",Print-products,25,"""","""","""","""","""",""2024-09-16 15:57:37"",""2024-09-16 15:57:37"""
"58,2,9,""70lb Linnen uncoated Flyers"",""80lb-linnen-uncoated flyers"",SKU-2E20DKR9,Flyers are great marketing tools that can be used to promote products and services. These uncoated flyers offer a premium look and a distinctive feel that stand out.,Print-products,42,"""","""","""","""","""",""2024-09-16 15:57:37"",""2024-09-16 15:57:37"""
"59,2,10,""100lb Gloss Text Brochures"",""100lb-gloss-text-brochures"",SKU-WVIJKFM5,""Brochures are flyers that are folded. Brochures are compact, allowing you to include more information. These brochures have a semi-gloss look and they are the most popular."",Print-products,48.75,"""","""","""","""","""",""2024-09-16 15:57:38"",""2024-09-16 15:57:38"""
"60,2,10,""100lb Matte Finish Brochures"",""100lb-matte-finish-brochures"",SKU-7IARERMB,""Brochures are flyers that are folded. Brochures are compact, allowing you to include more information. These brochures offer a silky, smooth and elegant finish."",Print-products,36.35,"""","""","""","""","""",""2024-09-16 15:57:38"",""2024-09-16 15:57:38"""
"61,2,10,""100lb UV High Gloss Brochures"",""100lb-uv-high-gloss-brochures"",SKU-Y3NURFCW,""Brochures are flyers that are folded. Brochures are compact, allowing you to include more information. These brochures offer a glossy and shiny look that easily grabs attention."",Print-products,66.5,"""","""","""","""","""",""2024-09-16 15:57:38"",""2024-09-16 15:57:38"""
"62,2,10,""80lb Enviro Uncoated Brochures"",""80lb-enviro-uncoated-brochures"",SKU-KXXGGSWP,""Brochures are flyers that are folded. Brochures are compact, allowing you to include more information. These brochures contain 30% post consumer recycled material, making them a more environmentally friendly option."",Print-products,51,"""","""","""","""","""",""2024-09-16 15:57:38"",""2024-09-16 15:57:38"""
"63,2,11,""10 pt + Matte Finish Bookmarks"",""10pt-matte-finish-bookmarks"",SKU-NNTKOJCW,Our high quality bookmarks can be used to mark your place in a book.,Print-products,32.25,"""","""","""","""","""",""2024-09-16 15:57:38"",""2024-09-16 15:57:38"""
"64,2,11,""14pt + Matte Finish bookmarks"",""14pt-matte-finish-bookmarks"",SKU-3HXMFQMM,Our high quality bookmarks can be used to mark your place in a book.,Print-products,22.5,"""","""","""","""","""",""2024-09-16 15:57:38"",""2024-09-16 15:57:38"""
"65,2,11,""16pt + Matte Finish Bookmark"",""16pt-matte-finish-bookmarks"",SKU-GPZN69S9,Our high quality bookmarks can be used to mark your place in a book.,Print-products,32.25,"""","""","""","""","""",""2024-09-16 15:57:38"",""2024-09-16 15:57:38"""
"66,2,11,""14pt + UV Bookmarks (High Gloss)"",""14pt-uv-bookmarks"",SKU-GKYY5HWO,Our high quality bookmarks can be used to mark your place in a book.,Print-products,22.5,"""","""","""","""","""",""2024-09-16 15:57:38"",""2024-09-16 15:57:38"""
"67,2,11,""16pt + UV Bookmarks (High Gloss)"",""16pt-uv-bookmarks"",SKU-HLP92OXG,Our high quality bookmarks can be used to mark your place in a book.,Print-products,22.5,"""","""","""","""","""",""2024-09-16 15:57:38"",""2024-09-16 15:57:38"""
"68,2,11,""18pt Matte with Silk Lamination Bookmarks"",""18pt-matte-silk-lamiation-bookmarks"",SKU-RVL8C3DN,Our high quality bookmarks can be used to mark your place in a book.,Print-products,40,"""","""","""","""","""",""2024-09-16 15:57:38"",""2024-09-16 15:57:38"""
"69,2,11,""18pt Gloss Lamination Bookmarks"",""18pt-gloss-lamiation- Bookmarks"",SKU-KQTB0JW0,Our high quality bookmarks can be used to mark your place in a book.,Print-products,40,"""","""","""","""","""",""2024-09-16 15:57:39"",""2024-09-16 15:57:39"""
"70,2,11,""13pt Enviro Uncoated Bookmarks"",""13pt-enviro-uncoated-bookmaks"",SKU-JXQZRRNU,Our high quality bookmarks can be used to mark your place in a book.,Print-products,26,"""","""","""","""","""",""2024-09-16 15:57:39"",""2024-09-16 15:57:39"""
"71,2,11,""13pt Linen Uncoated Bookmarks"",""13pt-linnen-uncoated-bookmarks"",SKU-727NLZUR,Our high quality bookmarks can be used to mark your place in a book.,Print-products,52.5,"""","""","""","""","""",""2024-09-16 15:57:39"",""2024-09-16 15:57:39"""
"72,2,11,""14pt Writable + UV Bookmarks"",""14pt-writable-uv-bookmarks"",SKU-FK3ETLEW,Our high quality bookmarks can be used to mark your place in a book.,Print-products,20.25,"""","""","""","""","""",""2024-09-16 15:57:39"",""2024-09-16 15:57:39"""
"73,2,11,""18pt Matte Lam +spot UV Bookmarks"",""18pt-lam-spot-uv-bookmarks"",SKU-KAE7IEI4,Our high quality bookmarks can be used to mark your place in a book.,Print-products,170.75,"""","""","""","""","""",""2024-09-16 15:57:39"",""2024-09-16 15:57:39"""
"74,2,12,""14 pt Matte Finish Folders"",""14pt-mate-finish-folders"",SKU-DFC3H3WO,Presentation folders are best used as a means to hold documents for organization and presentations.,Print-products,275,"""","""","""","""","""",""2024-09-16 15:57:39"",""2024-09-16 15:57:39"""
"75,2,12,""14pt Standard UV Folders"",""14pt-standard-uv-foders"",SKU-Q35ISMVC,Presentation folders are best used as a means to hold documents for organization and presentations.,Print-products,285,"""","""","""","""","""",""2024-09-16 15:57:39"",""2024-09-16 15:57:39"""
"76,2,12,""14pt Matte Laminated Folders"",""14pt-matte-laminated-folders"",SKU-MM2DM9KT,Presentation folders are best used as a means to hold documents for organization and presentations.,Print-products,910,"""","""","""","""","""",""2024-09-16 15:57:39"",""2024-09-16 15:57:39"""
"77,2,12,""14pt Standard AQ Folders"",""14pt-standard-aq-folders"",SKU-FLOIK3SU,Presentation folders are best used as a means to hold documents for organization and presentations.,Print-products,625,"""","""","""","""","""",""2024-09-16 15:57:39"",""2024-09-16 15:57:39"""
"78,2,12,Metallic Foil Presentation Folder,Metallic-foil-presentation-folder,SKU-9BFPSTDK,Elevate your professional image with our Presentation Folder featuring raised metallic foil. Choose from silver or gold foil on the front cover for a luxurious touch. Organize and protect your important documents with its durable construction and spacious pockets. Make a lasting impression with our sophisticated and attention-grabbing presentation folder.     Please note that this product will require manual approval before we can proceed to production,Print-products,550,"""","""","""","""","""",""2024-09-16 15:57:39"",""2024-09-16 15:57:39"""
"79,2,13,""8.5” x 11” 80lb Silk Text Booklets"",""80lb-silk-text-booklets"",SKU-Q6QKQ5MV,You can now offer custom booklet printing services with silk paper. This premium stock makes booklets look and feel luxurious and professional.,Print-products,160.5,"""","""","""","""","""",""2024-09-16 15:57:39"",""2024-09-16 15:57:39"""
"80,2,13,""8.5” x 11” 100lb Silk Text Booklets"",""100lb-silk-text-booklets"",SKU-OKGRZ0QT,""Looking for professional booklet printing services? These silk text booklets come in standard and custom sizes perfect for catalogs, magazines, training manuals, and more."",Print-products,150.5,"""","""","""","""","""",""2024-09-16 15:57:39"",""2024-09-16 15:57:39"""
"81,2,13,""8.5” x 11” 60lb Offset Text Booklets"",""60lb-offset-text-booklets"",SKU-VVPNU6L5,Get booklets printed on affordable yet professional 60lb offset text stock. Custom print booklets at 8.5” x 11” or at a size of your client’s choice.,Print-products,155.5,"""","""","""","""","""",""2024-09-16 15:57:40"",""2024-09-16 15:57:40"""
"82,2,13,""8.5” x 11” 80lb Gloss Text Booklets"",""80b-gloss-text-boolets"",SKU-0AADIRSY,Booklets are multi-page bound documents such as product guides and magazines.,Print-products,125,"""","""","""","""","""",""2024-09-16 15:57:40"",""2024-09-16 15:57:40"""
"83,2,13,""8.5” x 5.5” Silk Text Bookles"",""80lb-silk-text-boklets-small"",SKU-SM9HD67M,Print silk text booklets with a unique feel that mimics the texture of silky fabric. Silk paper has a lower sheen than gloss text.,Print-products,130,"""","""","""","""","""",""2024-09-16 15:57:40"",""2024-09-16 15:57:40"""
"84,2,13,""8.5” x 5.5” 100lb Silk Bookets"",""100lb-silk-text-booklets-small"",SKU-VONQIYTR,""Print professional booklets on silk text stock, which looks great and feels great too! These small booklets are perfect for instruction manuals, programs, travel guides, and more."",Print-products,135.5,"""","""","""","""","""",""2024-09-16 15:57:40"",""2024-09-16 15:57:40"""
"85,2,13,""8.5” x 5.5” 60lb Offset Text Booklets"",""60lb-offset-text-booklets-small"",SKU-KVXPHHWH,You can now offer your clients small booklet printing on simple yet professional 60lb uncoated text stock at the same great wholesale prices.,Print-products,150,"""","""","""","""","""",""2024-09-16 15:57:40"",""2024-09-16 15:57:40"""
"86,2,13,""8.5” x 5.5” 80lb Gloss Text Booklets"",""80lb-gloss-text-booklets-small"",SKU-POFH9PHR,Booklets are multi-page bound documents such as product guides and magazines,Print-products,110,"""","""","""","""","""",""2024-09-16 15:57:40"",""2024-09-16 15:57:40"""
"87,2,13,""8.5” x 5.5” 100lb Gloss Text Booklets"",""100lb-gloss-text-booklets-small"",SKU-G7EUJ29J,Booklets are multi-page bound documents such as product guides and magazines,Print-products,70,"""","""","""","""","""",""2024-09-16 15:57:40"",""2024-09-16 15:57:40"""
"88,2,14,""14pt Magnets"",""14pt-magnets"",SKU-DGIFM9PZ,Printed magnets are a unique and practical way for your customers to grab the attention of their clients.,Print-products,28,"""","""","""","""","""",""2024-09-16 15:57:40"",""2024-09-16 15:57:40"""
"89,2,14,""30mil Cut to Shape Magnets"",""30mil-cut-to-shape-magnets"",SKU-MMEXQVXI,""Print magnets in the shape that your clients want with these cut to shape custom magnets. Printed on flexible 30mil magnet substrate Available in standard or custom shapes Adheres to indoor and outdoor magnetic surfaces. !Small Complex Cuts: Please note that if your dieline is small and contains small, sharp, complex cuts, we will try our best to cut it; however, we may request that you revise the dieline to larger, smoother, and rounder contours for better cut results."",Print-products,36,"""","""","""","""","""",""2024-09-16 15:57:40"",""2024-09-16 15:57:40"""
"90,2,14,""20ml Cut To Shape Magnets"",""20ml-cut-to-shape-magnets"",SKU-X7IEP09T,""Print magnets in the shape that your clients want with these cut to shape custom magnets. Printed on flexible 30mil magnet substrate Available in standard or custom shapes Adheres to indoor and outdoor magnetic surfaces. !Small Complex Cuts: Please note that if your dieline is small and contains small, sharp, complex cuts, we will try our best to cut it; however, we may request that you revise the dieline to larger, smoother, and rounder contours for better cut results."",Print-products,32,"""","""","""","""","""",""2024-09-16 15:57:40"",""2024-09-16 15:57:40"""
"91,2,15,""14pt Matte Finish Greeting Crads"",""14pt-matte-finish-greeting-cards"",SKU-DYKVEE0H,Help your clients express gratitude and other sentiments with greeting cards. These elegant greeting cards offer a matte finish.,Print-products,39,"""","""","""","""","""",""2024-09-16 15:57:40"",""2024-09-16 15:57:40"""
"92,2,15,""14pt UV (High Gloss) Greeting Cards"",""14pt-high-gloss-greeting-cards"",SKU-GCGL5TJY,Greeting cards are most commonly used as a tool for expressing friendship or another sentiment. These greeting cards are printed with a very glossy and shiny coating.,Print-products,55,"""","""","""","""","""",""2024-09-16 15:57:41"",""2024-09-16 15:57:41"""
"93,2,15,""14pt AQ Greeting Cards"",""14pt-aq-greetings-cards"",SKU-RQ3SJNA1,Greeting cards are most commonly used as a tool for expressing friendship or another sentiment. These greeting cards that are printed with a standard semi-gloss look and feel.,Print-products,35,"""","""","""","""","""",""2024-09-16 15:57:41"",""2024-09-16 15:57:41"""
"94,2,15,""13pt Enviro Uncoated Greeting Cards"",""13pt-enviro-uncoated-greeting-cards"",SKU-RUOUEEJO,Greeting cards are most commonly used as a tool for expressing friendship or another sentiment.,Print-products,47,"""","""","""","""","""",""2024-09-16 15:57:41"",""2024-09-16 15:57:41"""
"95,2,15,""14pt Writable AQ Greeting Cards"",""14pt-writable-aq-greeting-cards"",SKU-KT0YYJEJ,""Greeting cards are most commonly used as a tool for expressing friendship or another sentiment. These greeting cards combine a semi-gloss coated side with an uncoated, writable side."",Print-products,40,"""","""","""","""","""",""2024-09-16 15:57:41"",""2024-09-16 15:57:41"""
"96,2,15,""14pt Writable UV Greeting Cards"",""14pt-writable-uv-greeting-cards"",SKU-TNLKJ37U,""Greeting cards are most commonly used as a tool for expressing friendship or another sentiment. These greeting cards combine a very glossy and shiny coated side with an uncoated, writable side."",Print-products,45,"""","""","""","""","""",""2024-09-16 15:57:41"",""2024-09-16 15:57:41"""
"97,2,16,Metallic Foil Greeting Cards,Metallic-foil-greetings-cards,SKU-1YFCHEST,""Print gold foil or silver foil on laminated greeting cards for a regal, festive effect. With our wholesale foil printing, you’ll be able to offer metallic foil greeting cards while your competitors can’t."",Print-products,150,"""","""","""","""","""",""2024-09-16 15:57:41"",""2024-09-16 15:57:41"""
"98,2,16,Spot UV Greeting Cards,Spot-uv-geeting-cards,SKU-75JL09I4,""Spot UV greeting cards have finally arrived! Take the beautiful look and feel of uv spot gloss and let them transform your clients’ custom greeting cards with their clear, quality spot coating."",Print-products,135,"""","""","""","""","""",""2024-09-16 15:57:41"",""2024-09-16 15:57:41"""
"99,2,16,Kraft Paper Greeting Cards,Kraft-paper-greeting-cards,SKU-INNGBXET,Kraft greeting cards are printed on high quality kraft cardstock that’s 100% recyclable. Printing on kraft paper can make even the most generic greeting card look unique.,Print-products,55,"""","""","""","""","""",""2024-09-16 15:57:41"",""2024-09-16 15:57:41"""
"100,2,16,Pearl Paper Greeting Cards,Pearl-paper-greeting-cards,SKU-YKIOKQ5Q,Pearl greeting cards stand out from other greeting cards because of the beautiful shimmer paper stock. They help any print provider take their custom greeting card printing selection to the next level.,Print-products,75,"""","""","""","""","""",""2024-09-16 15:57:41"",""2024-09-16 15:57:41"""
"101,2,17,""14pt Matte Finsh invitations  / Announcement"",""14pt-matte-finish-invitations"",SKU-OE603W89,""Print cost-effective yet professional invitations and announcement cards for every occasion. Most popular stock Simple, clean finish Not folded or scored Optional envelopes"",Print-products,26,"""","""","""","""","""",""2024-09-16 15:57:41"",""2024-09-16 15:57:41"""
"102,2,17,""14pt Writable AQ Invitations / Announcements"",""14pt-writable-aq-invitations"",SKU-TNFVJZXI,""Print invitations and announcements with a writable back for clients to add a handwritten note later. Semi-gloss aqueous coating on the front Uncoated back for writing in pencil, pen, or marker Not folded or scored Optional envelopes"",Print-products,21,"""","""","""","""","""",""2024-09-16 15:57:41"",""2024-09-16 15:57:41"""
"103,2,17,""14 pt AQ Invitations / Announcements"",""14pt-aq-invitations"",SKU-N0PIN0EK,Print custom invitations and announcement cards with a slightly glossy coating. Semi-glossy aqueous coating Not suitable for writing or stamping Not folded or scored Optional envelopes,Print-products,25,"""","""","""","""","""",""2024-09-16 15:57:41"",""2024-09-16 15:57:41"""
"104,2,17,""14pt UV Invitations / Announcements"",""14pt-uv-invitations"",SKU-XJYWF6UJ,""Print glossy party invitations, special occasion announcements, and more. High gloss UV coating Not suitable for writing or stamping Not folded or scored Optional envelopes"",Print-products,15,"""","""","""","""","""",""2024-09-16 15:57:41"",""2024-09-16 15:57:41"""
"105,2,17,Kraft Paper Invitations / Announcements,Kraft-paper-invitations,SKU-SHIRZCRI,""Print eco-friendly invitations and announcement cards on rustic, brown kraft cardstock. Made from 100% recycled fibers Uncoated natural texture Not folded or scored Optional envelopes"",Print-products,30,"""","""","""","""","""",""2024-09-16 15:57:42"",""2024-09-16 15:57:42"""
"106,2,17,Pearl Paper Invitations / Announcements,Pearl-paper-invitations,SKU-PN8ZK0WX,""Print glitter paper invites and announcement cards for weddings, bridal showers, and more. Made from 100% recyclable materials Infused with silver reflective fibers Not folded or scored Optional envelopes"",Print-products,59,"""","""","""","""","""",""2024-09-16 15:57:42"",""2024-09-16 15:57:42"""
"107,2,17,Metallic Foil Invitations / Announcements,Metallic-foil-invitations,SKU-TOASBDLP,Print matte invitations and announcement cards with raised metallic foil in gold or silver. Choose from gold or silver reflective foil Raised foil on silk/matte lamination Not folded or scored Optional envelopes,Print-products,110,"""","""","""","""","""",""2024-09-16 15:57:42"",""2024-09-16 15:57:42"""
"108,2,,Numbered Tickets,numbered-tickets,SKU-3KLPDUM0,""Numbered tickets are printed with variable data. Perfect as concert, raffle and event tickets."",Print-products,35,"""","""","""","""","""",""2024-09-16 15:57:42"",""2024-09-16 15:57:42"""
"109,2,18,Wall Calendar 80lb Gloss Text,wall-calendar-80lb-gloss-text,SKU-RIKZGSRQ,Wall calendars are a marketing tool that will be visible to clients all year long.,Print-products,425,"""","""","""","""","""",""2024-09-16 15:57:42"",""2024-09-16 15:57:42"""
"110,2,18,Wall Calendar 100lb Gloss Text,wall-calendar-100lb-gloss-text,SKU-1QCUTJAT,Wall calendars are a marketing tool that will be visible to clients all year long.,Print-products,440,"""","""","""","""","""",""2024-09-16 15:57:42"",""2024-09-16 15:57:42"""
"111,2,,Variable Printing,Variable-printing,SKU-SUOCLCH1,These are postcards printed with variable data. They are a perfect option for postcard mailers.,Print-products,57,"""","""","""","""","""",""2024-09-16 15:57:42"",""2024-09-16 15:57:42"""
"112,2,19,Gloss Text Posters,Gloss-text-posters,SKU-LGYTDP7V,Posters are a great way to promote events and any other type of advertising. These posters have a semi-gloss appearance and are the most popular,Print-products,30,"""","""","""","""","""",""2024-09-16 15:57:42"",""2024-09-16 15:57:42"""
"113,2,19,Matte Posters,Matte-posters,SKU-EQBUSUT6,""Posters are a great way to promote events and any other type of advertising. These posters offer a silky, smooth and elegant finish."",Print-products,45,"""","""","""","""","""",""2024-09-16 15:57:42"",""2024-09-16 15:57:42"""
"114,2,19,UV (High Gloss) Posters,Uv-high-gloss-posters,SKU-A8BRKOE4,Posters are a great way to promote events and any other type of advertising. These posters offer a very glossy and shiny look that is very easy to notice.,Print-products,49,"""","""","""","""","""",""2024-09-16 15:57:43"",""2024-09-16 15:57:43"""
"115,2,19,Specialty Posters,Specialty-posters,SKU-AC0ZBTSO,Posters are a great way to promote events and any other type of advertising.,Print-products,50,"""","""","""","""","""",""2024-09-16 15:57:43"",""2024-09-16 15:57:43"""
"116,2,20,AQ Door Hangers,Aq-door-hangers,SKU-A49JBDES,Door Hangers are highly effective marketing tools that are immediately noticed when opening the door on which it is placed. Door hangers with AQ have a semi-gloss look and are the most popular.,Print-products,93,"""","""","""","""","""",""2024-09-16 15:57:43"",""2024-09-16 15:57:43"""
"117,2,20,UV (High Gloss) Door Hangers,Uv-high-gloss-door-hangers,SKU-7GZI0L5I,Door Hangers are highly effective marketing tools that are immediately noticed when opening the door on which it is placed. Door hangers with UV coating have a very glossy and shiny look.,Print-products,80,"""","""","""","""","""",""2024-09-16 15:57:43"",""2024-09-16 15:57:43"""
"118,2,20,Matte Door Hangers,Matte-door-hangers,SKU-IWQ50WCY,Door Hangers are highly effective marketing tools that are immediately noticed when opening the door on which it is placed. These door hangers are printed with a matte / dull finish that offers elegance and a silky smooth finish.,Print-products,89,"""","""","""","""","""",""2024-09-16 15:57:43"",""2024-09-16 15:57:43"""
"119,2,21,Specialty Door Hangers,Specialty-door-hangers,SKU-TKAY22WB,Door Hangers are highly effective marketing tools that are immediately noticed when opening the door on which it is placed.,Print-products,74,"""","""","""","""","""",""2024-09-16 15:57:43"",""2024-09-16 15:57:43"""
"120,2,22,Matte Digital Sheets 14pt,matte-digital-sheet-14pt,SKU-ROKXMX9N,""Our 18 """"x 12"""" digital sheets are perfect if you are seeking to do trimming and bindery yourself. The digital sheets are printed on a matte finish and offer a soft, silky and professional look."",Print-products,65,"""","""","""","""","""",""2024-09-16 15:57:43"",""2024-09-16 15:57:43"""
"121,2,22,Matte Digital Sheets 100lb,matte-digital-sheet-100lb,SKU-3DCIVCON,""We print digital sheets on 18 x 12 sheets. A perfect product if you are seeking to do trimming and bindery yourself. These digital sheets offer a silky, smooth and elegant finish."",Print-products,32,"""","""","""","""","""",""2024-09-16 15:57:43"",""2024-09-16 15:57:43"""
"122,2,22,""80lb Enviro Uncoated Digital Sheets"",""80lb-enviro-uncoated-digital-sheets"",SKU-BHMPZBQX,""We print digital sheets on 18 x 12 sheets. A perfect product if you are seeking to do trimming and bindery yourself. These digital sheets offer a silky, smooth and elegant finish."",Print-products,15.5,"""","""","""","""","""",""2024-09-16 15:57:43"",""2024-09-16 15:57:43"""
"123,2,22,""13pt Enviro Uncoated Digital Sheets"",""13pt-enviro-uncoated-digital-sheets"",SKU-X0YRZUMR,""We print digital sheets on 18 x 12 sheets. A perfect product if you are seeking to do trimming and bindery yourself. These digital sheets offer a silky, smooth and elegant finish."",Print-products,15.5,"""","""","""","""","""",""2024-09-16 15:57:43"",""2024-09-16 15:57:43"""
"124,2,22,""100lb Gloss Text Digital Sheets"",""100lb-gloss-text-digital-sheets"",SKU-LYACBDRQ,We print digital sheets on 18 x 12 sheets. A perfect product if you are seeking to do trimming and bindery yourself. These digital sheets have a semi-gloss appearance.,Print-products,15.5,"""","""","""","""","""",""2024-09-16 15:57:43"",""2024-09-16 15:57:43"""
"125,2,23,Folded Business Cards 14pt UV (High Gloss),folded-business-cards-14pt,SKU-EK9TI8QC,Folded Business Cards are unique because they can hold twice the amount of information and still exhibit a good first impression. Cards with UV coating that have a very glossy and shiny look.,Print-products,42,"""","""","""","""","""",""2024-09-16 15:57:43"",""2024-09-16 15:57:43"""
"126,2,23,Folded Business Cards 14pt Matte Finish,folded-business-cards-14pt-matte,SKU-EICTQ71L,Folded Business Cards are unique because they can hold twice the amount of information and still exhibit a good first impression. Folded business cards that offer elegance and a silky smooth finish.,Print-products,53,"""","""","""","""","""",""2024-09-16 15:57:44"",""2024-09-16 15:57:44"""
"127,2,23,Folded Business Cards 13pt Enviro Uncoated,Folded-buisness-cards-enviro,SKU-LHGIXECB,Folded Business Cards are unique because they can hold twice the amount of information and still exhibit a good first impression.,Print-products,59,"""","""","""","""","""",""2024-09-16 15:57:44"",""2024-09-16 15:57:44"""
"128,2,,Tent Cards,tent-cards-14pt,SKU-3FA32MO9,Tent cards are multi-dimensional print products that can be conveniently placed on tables for promotional purposes. These tent cards have a smooth look and feel.,Print-products,117,"""","""","""","""","""",""2024-09-16 15:57:44"",""2024-09-16 15:57:44"""
"129,2,,Plastics,plastics-14pt,SKU-GGQPIBEZ,Printed plastic products are much more durable than paper to ensure your first impression lasts just that much longer.,Print-products,71,"""","""","""","""","""",""2024-09-16 15:57:44"",""2024-09-16 15:57:44"""
"130,2,24,Tear Cards UV High (Gloss),Tear-cards-uv,SKU-48RMZBQD,Tear cards are multi-dimensional marketing materials that have a tear-away option. A business card or coupon can be torn and kept. These cards are coated with a high gloss coating that easily catches the eye.,Print-products,65.5,"""","""","""","""","""",""2024-09-16 15:57:44"",""2024-09-16 15:57:44"""
"131,2,24,Tear Cards Matte Finish,Tear-cards-matte,SKU-N3ZSZICG,Tear cards are multi-dimensional marketing materials featuring have a tear-away option. Our 14pt matte finish tear cards allow for business cards or coupons to be torn and kept.,Print-products,59,"""","""","""","""","""",""2024-09-16 15:57:44"",""2024-09-16 15:57:44"""
"132,2,24,Tear Cards 13pt Enviro Uncoated,tear-cards-13pt-enviro,SKU-WBNYIR9U,Tear cards are multi-dimensional marketing materials that have a tear-away option. A business card or coupon can be torn and kept.,Print-products,56,"""","""","""","""","""",""2024-09-16 15:57:44"",""2024-09-16 15:57:44"""
"133,2,25,Transparent Clings,Transparent-clings,SKU-RHQ73TJI,""Static clings are powerful marketing tools that can be placed on a flat surface. These are clings that are printed on a clear, transparent stock."",Print-products,63,"""","""","""","""","""",""2024-09-16 15:57:44"",""2024-09-16 15:57:44"""
"134,2,25,White Opaque Clings,White-opaque-clings,SKU-RMOEP8SB,Static clings are powerful marketing tools that can be placed on a flat surface. Clings that are printed on opaque stock.,Print-products,62,"""","""","""","""","""",""2024-09-16 15:57:44"",""2024-09-16 15:57:44"""
"135,1,26,Best Value Business Cards,Best-value-business-cards,SKU-BRI1SGDH,Business cards are widely used as a networking tool and a way to make a good first impression. Our 14pt Profit Maximizing business cards offer the same great quality at a lower price..,Buisness-Cards,7.5,"""","""","""","""","""",""2024-09-16 15:57:44"",""2024-09-16 15:57:44"""
"136,1,26,""14pt matte Finish Buisness Cards"",""14pt-matte-business-cards"",SKU-QRJCLZ11,""Make a great first impression with business cards. Our 14pt matte finish business cards offer a smooth, elegant look."",Buisness-Cards,10.5,"""","""","""","""","""",""2024-09-16 15:57:44"",""2024-09-16 15:57:44"""
"137,1,26,""16pt Matte Finish Business Cards"",""16pt-matte-business-cards"",SKU-IQZZ1FH6,Help your clients print the networking tool they need. Our 16pt matte finish business cards are a good option for those seeking thicker stock.,Buisness-Cards,10.25,"""","""","""","""","""",""2024-09-16 15:57:44"",""2024-09-16 15:57:44"""
"138,1,26,""14pt High Gloss Buisness Cards"",""14pt-highgloss-business-cards"",SKU-T6OCRKLG,Business cards are widely used as a networking tool and a way to make a good first impression. These cards have a high gloss coating and are a good option for those seeking thicker business cards.,Buisness-Cards,8.25,"""","""","""","""","""",""2024-09-16 15:57:45"",""2024-09-16 15:57:45"""
"139,1,26,""16pt High Gloss Business Cards"",""16pt-high-gloss-business-cards"",SKU-DFST3XBK,Business cards are widely used as a networking tool and a way to make a good first impression. Our 14pt Business cards with UV coating have a very glossy and shiny look.,Buisness-Cards,8.25,"""","""","""","""","""",""2024-09-16 15:57:45"",""2024-09-16 15:57:45"""
"140,1,26,""18pt Gloss Lamination Business Cards"",""18pt-gloss-lamination-business-cards"",SKU-LPTNLSGT,Business cards are widely used as a networking tool and a way to make a good first impression. These business cards have a glossy and shiny lamination which also offers better durability.,Buisness-Cards,26.5,"""","""","""","""","""",""2024-09-16 15:57:45"",""2024-09-16 15:57:45"""
"141,1,26,""18pt Matte + Silk Lamination Business Cards"",""18 pt-matte-silk-laminartion-business-cards"",SKU-JMKOMVU4,Business cards are widely used as a networking tool and a way to make a good first impression. These business cards have a silky lamination which also offers better durability.,Buisness-Cards,26.5,"""","""","""","""","""",""2024-09-16 15:57:45"",""2024-09-16 15:57:45"""
"142,1,26,""14pt AQ Business Cards"",""14pt-aq-business-cards"",SKU-PKJZD2IF,Business cards are widely used as a networking tool and a way to make a good first impression. Our 14pt Business cards with AQ have a semi-gloss look and are the most commonly ordered.,Buisness-Cards,12.5,"""","""","""","""","""",""2024-09-16 15:57:45"",""2024-09-16 15:57:45"""
"143,1,26,""16pt AQ Business Cards"",""16pt-aq-business-cards"",SKU-L5U54QGA,Business cards are widely used as a networking tool and a way to make a good first impression. These semi-gloss cards are a good option for those seeking thicker business cards.,Buisness-Cards,14,"""","""","""","""","""",""2024-09-16 15:57:45"",""2024-09-16 15:57:45"""
"144,1,26,""13pt Enviro Uncoated Business Cards"",""13pt-enviro-business-cards"",SKU-XYGHKDG7,""Business cards are widely used as a networking tool and a way to make a good first impression. These business cards contain 30% post consumer recycled material, making them a more environmentally friendly option."",Buisness-Cards,15.5,"""","""","""","""","""",""2024-09-16 15:57:45"",""2024-09-16 15:57:45"""
"145,1,26,""13pt Linnen Business Cards"",""13pt-linnen-business-cards"",SKU-QJIYKJR9,Business cards are widely used as a networking tool and a way to make a good first impression. Linen business cards offer a premium look and a distinctive feel that stand out.,Buisness-Cards,52,"""","""","""","""","""",""2024-09-16 15:57:45"",""2024-09-16 15:57:45"""
"146,1,26,""14pt Writable + AQ Business Cards"",""14pt-writable-aq-business-cards"",SKU-ILO1T7WL,""Business cards are widely used as a networking tool and a way to make a good first impression. These business cards combine a semi-gloss coated side with an uncoated, writable side."",Buisness-Cards,16.5,"""","""","""","""","""",""2024-09-16 15:57:45"",""2024-09-16 15:57:45"""
"147,1,26,""14pt Writable + UV Business Cards"",""14pt-writable-uv-business-cards"",SKU-FGRSVHVF,""Business cards are widely used as a networking tool and a way to make a good first impression. These business cards combine a glossy and shiny coated side with an uncoated, writable side."",Buisness-Cards,16.5,"""","""","""","""","""",""2024-09-16 15:57:45"",""2024-09-16 15:57:45"""
"148,1,26,""18pt Writable Business Cards"",""18pt-writable-business-cards"",SKU-WVQMDGFF,""Business cards are widely used as a networking tool and a way to make a good first impression. These cards stand out because they are extra thick with an uncoated, writable side."",Buisness-Cards,12.5,"""","""","""","""","""",""2024-09-16 15:57:45"",""2024-09-16 15:57:45"""
"149,1,27,Metallic Foil Business Cards,Metallic-foil-business-cards,SKU-78NKB1FQ,Raised foil postcards stand out with their silver or gold custom foil printing. Our wholesale foil printing produces a premium look popular for high-end postcards and certificates.,Buisness-Cards,49,"""","""","""","""","""",""2024-09-16 15:57:46"",""2024-09-16 15:57:46"""
"150,1,27,Kraft Paper Business cards,Kraft-paper-buisness-cards,SKU-YLQNFGIC,""Kraft Paper business cards will help you stand out from the competition. Most suitable for bold, dark-colored designs, the fibers of the paper will give your design a natural look. 100% recyclable and produced in a sustainable process, they are the perfect option for those who like to print on high quality paper stock, but with an environmentally friendly look and feel.Please note we do not print white inks on kraft stock (only CMYK inks will be printed). Not recommended for full color photos/images as they will become darker due to the darker color of the paper. This is better suited for high contrast designs with fewer colors."",Buisness-Cards,15,"""","""","""","""","""",""2024-09-16 15:57:46"",""2024-09-16 15:57:46"""
"151,1,27,Durable business-cards,Durable-business-cards,SKU-JH3T2VPQ,""Through the use of a high quality substrate, this synthetic paper is perfect for customized and short run designs. Sourced from raw material, it is 100% recyclable, non-toxic, and extremely durable. The waterproof and tear resistant qualities guarantee that your business cards will always look great, even in the most adverse of conditions."",Buisness-Cards,29,"""","""","""","""","""",""2024-09-16 15:57:46"",""2024-09-16 15:57:46"""
"152,1,27,Spot UV Business Cards,Spot-uv-business-cards,SKU-QYDNWKPY,These luxurious laminated business cards have clear gloss applied to areas of your choice. Choose from soft touch (19pt) or matte lamination (18pt) Slightly raised clear UV gloss Lamination provides a protective layer for cards Perfect for adding tactile elements to print,Buisness-Cards,51,"""","""","""","""","""",""2024-09-16 15:57:46"",""2024-09-16 15:57:46"""
"153,1,27,Pearl paper Business Cards,Pearl-paper-business-cards,SKU-OROTAPOO,""A unique stock that shimmers when seen at different angles, Pearl Paper business cards are ingrained with pearl fibers that give the paper a smooth, metallic look. It will also help to give the lighter colors of your design a subtle shimmer. Through its artistic aesthetic, it is perfect for designers, marketers, or anyone who wants to attract attention from an appearance standpoint."",Buisness-Cards,23,"""","""","""","""","""",""2024-09-16 15:57:46"",""2024-09-16 15:57:46"""
"154,1,27,Soft Touch Business Cards,Soft-touch-business-cards,SKU-YE1EX9N9,""Soft touch business cards are sometimes called suede business cards for their luxurious feel. Soft, matte, velvet-like surface 19pt thickness (16pt stock + 3pt lamination) Lamination adds protection against scratches and smudges"",Buisness-Cards,32.5,"""","""","""","""","""",""2024-09-16 15:57:46"",""2024-09-16 15:57:46"""
"155,1,27,""32pt Painted Edge Business Cards"",""32pt-painted-edge-business-cards"",SKU-SQ8QKURH,Print business cards with painted edges that help your clients stand out with color. Thick 32pt premium stock Choose from 7 edge colors Uncoated surface Makes a powerful first impression,Buisness-Cards,62,"""","""","""","""","""",""2024-09-16 15:57:46"",""2024-09-16 15:57:46"""
"156,1,27,Ultra Smooth Business Cards,Ultra-smooth-business-cards,SKU-EAIKWSMB,""These ultra smooth business cards are perfect for high end cards that blend professionalism with simplicity. 16pt uncoated stock Completely uniform, blank surface free of texture Super smooth surface makes images more pronounced"",Buisness-Cards,9.99,"""","""","""","""","""",""2024-09-16 15:57:46"",""2024-09-16 15:57:46"""
"157,1,27,Die Cut Business Cards,Die-cut-business-cards,SKU-BRU89AZU,""Give your clients the best die cut business cards with our rounded corner, oval, or leaf shaped cards. The smooth, round edges will elevate them as premium business cards that help grow your client’s business... and yours."",Buisness-Cards,26,"""","""","""","""","""",""2024-09-16 15:57:46"",""2024-09-16 15:57:46"""
"158,4,,Letterhead 60lb Uncoated,letterhead-60lb,SKU-EKHGEJBL,Perfect tool for branding official documents with your company’s details.,Stationary,65,"""","""","""","""","""",""2024-09-16 15:57:46"",""2024-09-16 15:57:46"""
"159,4,28,Envelpoes 60lb Uncoated,envelopes-60lb-uncoated,SKU-7ZUKXUIB,""Envelopes that carry official business documents can be branded with a logo and other details. These are made of 60lb offset paper, which are sometimes called 24lb bond paper, as they have the same thickness, texture and weight (just manufactured slightly differently)"",Stationary,48,"""","""","""","""","""",""2024-09-16 15:57:46"",""2024-09-16 15:57:46"""
"160,4,28,Envelopes Self Adhesive 60lb ,envelopes-self-adhesive-60lb,SKU-2JFO432E,""Custom Self-Adhesive Envelopes with self-sealing flaps make it convenient to mail professional business correspondence. These are made of 60lb offset paper, which are sometimes called 24lb bond paper, as they have the same thickness, texture and weight (just manufactured slightly differently)"",Stationary,58,"""","""","""","""","""",""2024-09-16 15:57:47"",""2024-09-16 15:57:47"""
"161,4,28,Envelopes Security 60lb,envelopes-security-60lb,SKU-7IBNCPUM,""Envelopes that carry official business documents can be branded with a logo and other details. The security tint inside these envelopes ensures that the contents are not seen through the envelope. These are made of 60lb offset paper, which are sometimes called 24lb bond paper, as they have the same thickness, texture and weight (just manufactured slightly differently)."",Stationary,59,"""","""","""","""","""",""2024-09-16 15:57:47"",""2024-09-16 15:57:47"""
"162,4,29,Notepads 25 Pages,notepads-25-pages,SKU-KAH8R39M,Branded notepads with removable pages that can be used for writing notes. Includes a 14pt C2S gloss backing (typically used for our 14pt business cards/postcards). These notepads have 25 sheets each,Stationary,110,"""","""","""","""","""",""2024-09-16 15:57:47"",""2024-09-16 15:57:47"""
"163,4,29,Notepads 50 Pages,notepads-50-pages,SKU-E1ANVFDM,Branded notepads with removable pages that can be used for writing notes. Includes a 14pt C2S gloss backing (typically used for our 14pt business cards/postcards). These notepads have 50 sheets each.,Stationary,125,"""","""","""","""","""",""2024-09-16 15:57:47"",""2024-09-16 15:57:47"""
"164,4,,""3 Part NCR Forms"",""3-part-ncr-forms"",SKU-2PAZKO85,""Perfect tool for invoicing, POs and receipts. Writing on the first sheet transfers over to the subsequent two sheets in the form."",Stationary,85,"""","""","""","""","""",""2024-09-16 15:57:47"",""2024-09-16 15:57:47"""
"165,4,,Supply Boxes,Siupply-boxes,SKU-QEUCQEBW,""Corrugated cardboard boxes made for easy packing, shipping and storing of products."",Stationary,10.5,"""","""","""","""","""",""2024-09-16 15:57:47"",""2024-09-16 15:57:47"""
"166,4,30,""11oz Ceramic Mug"",""11oz-cermaic-mug"",SKU-3EJNPIKT,Print custom mugs at wholesale prices without a minimum order quantity. We use high quality sublimation printing to produce full color branded mugs that your clients will love,Promotional,9.5,"""","""","""","""","""",""2024-09-16 15:57:47"",""2024-09-16 15:57:47"""
"167,4,30,""15oz Ceramic Mug"",""15oz-ceeramic mug"",SKU-KLEZPMAM,Print custom mugs at wholesale prices without a minimum order quantity. We use high quality sublimation printing to produce full color branded mugs that your clients will love.,Promotional,10.5,"""","""","""","""","""",""2024-09-16 15:57:47"",""2024-09-16 15:57:47"""
"168,4,,""10oz Stainless Steel Mug"",""10oz-stainless-steel-mug"",SKU-LKTDPVKG,""These custom printed stainless steel mugs are perfect for branding, gifting, and more. Offer your clients these convenient metal mugs branded with their own logo, slogan, or design."",Promotional,13.5,"""","""","""","""","""",""2024-09-16 15:57:48"",""2024-09-16 15:57:48"""
"169,4,31,""18oz Clear Beer Mug"",""18oz-clear-beer-mug"",SKU-HOWPOSCE,""Print clear custom beer mugs with no minimum order quantity! Also called beer steins, they are ready to be branded using our dye sublimation printing"",Promotional,13.5,"""","""","""","""","""",""2024-09-16 15:57:48"",""2024-09-16 15:57:48"""
"170,4,31,""16oz Frosted Beer Mug"",""16oz-frosted-mug"",SKU-WSTHHF8O,""Print frosted custom beer mugs with no minimum order quantity! Also called beer steins, they are ready to be branded using our dye sublimation printing."",Promotional,13.5,"""","""","""","""","""",""2024-09-16 15:57:48"",""2024-09-16 15:57:48"""
"171,4,,""17oz Stainless Steel Bottles"",""17-oz-stainless-steel-bottles"",SKU-TLECXKQO,Branded bottles are the perfect item for your client’s promotional product needs. Now you can get these custom printed bottles at wholesale prices without order minimums.,Promotional,16.5,"""","""","""","""","""",""2024-09-16 15:57:48"",""2024-09-16 15:57:48"""
"172,4,,Puzzles,puzzles,SKU-OLX9LYJ3,We print on glossy white cardboard stock using high quality dye sublimation to bring you 2 different sizes and no order minimums.,Promotional,24,"""","""","""","""","""",""2024-09-16 15:57:48"",""2024-09-16 15:57:48"""
"173,4,,""20oz Tumblers"",""20oz-tumblers"",SKU-QIA2ZDKJ,Print custom tumblers for your clients with no minimums. Each customized tumbler comes with a clear lid and a stainless steel straw.,Promotional,17.5,"""","""","""","""","""",""2024-09-16 15:57:48"",""2024-09-16 15:57:48"""
"174,4,32,""12oz Clear Mason Jars"",""12oz-clear-mason-jars"",SKU-O1ZKLJO7,Print custom mason jars for your clients without order minimums. These clear personalized jars are great for both daily use and special occasions.,Promotional,12.5,"""","""","""","""","""",""2024-09-16 15:57:48"",""2024-09-16 15:57:48"""
"175,4,32,""12oz Frosted Mason Jars"",""12oz-frosted-mason-jars"",SKU-PLGS35XY,Print custom mason jars for your clients without order minimums. These frosted personalized jars are great for both daily use and special occasions,Promotional,12.5,"""","""","""","""","""",""2024-09-16 15:57:48"",""2024-09-16 15:57:48"""
"176,4,,Key Chains (10 pieces),key-chains-10-peices,SKU-X5SYJ8P7,Print custom keychains made from PU (synthetic) leather. These customized keychain comes with a stainless steel ring. Selecting Quantity 1 will give you 10 pieces.,Promotional,55,"""","""","""","""","""",""2024-09-16 15:57:48"",""2024-09-16 15:57:48"""
"177,4,,Coaster,Coasters-square,SKU-KGQTXABE,""Print custom coasters that protect your clients’ furniture from hot beverages. These 3.75"""" x 3.75"""" printed coasters are 0.125"""" thick. Selecting Quantity 1 will give you 10 pieces"",Promotional,25.5,"""","""","""","""","""",""2024-09-16 15:57:48"",""2024-09-16 15:57:48"""
"178,4,,Mouse Pads,Mouse-pads,SKU-8FWBP13Z,""Print custom mouse pads withour order minimums featuring your client’s artwork or brand. They measure 7.75"""" x 9.25"""" and about 0.2” thick, with a black base."",Promotional,8.5,"""","""","""","""","""",""2024-09-16 15:57:48"",""2024-09-16 15:57:48"""
"179,4,,Photo Panels,Photo-panels-ilumipix,SKU-FF4FJRJD,""Display your clients’ pictures as custom photo panels that are vibrant and long-lasting—perfect for wall art and custom home decor. Each panel is 0.045"""" thick. They can be mounted either in a frame or with double-sided tape on the wall."",Promotional,16.5,"""","""","""","""","""",""2024-09-16 15:57:48"",""2024-09-16 15:57:48"""
"180,6,,Mailer Boxes,Mailer-boxes,SKU-PLUGH9BW,""Print custom mailer boxes that are strong, professional, and perfect for displaying your client’s brand. These boxes have a roll end front tuck (REFT) with dust flaps. 32ECT is the standard product in the packaging industry for light and medium-duty usage corrugated sheets, and our 1/16"""" (0.0625"""") e-flute stock is ideal for high quality printing."",Labels and Packaging,20.5,"""","""","""","""","""",""2024-09-16 15:57:49"",""2024-09-16 15:57:49"""
"181,6,33,Bopp Roll Labels,Bopp-roll-labels,SKU-TG5CVC3W,""BOPP labels are made from plastic film material, and are unique through being both waterproof and resistant to the effects of UV rays. If you are looking to have your design protected while eye-catching at the same time with its gloss effect, look no further. We offer designs printed in rolls of five multi-purpose shapes: choose between rectangle, square, circle, oval, or a custom design of your choice. All Poly and BOPP labels now have standard UV coating."",Labels and Packaging,135,"""","""","""","""","""",""2024-09-16 15:57:49"",""2024-09-16 15:57:49"""
"182,6,33,Poly Roll Labels,Poly-roll-labels,SKU-B0LDCXC7,""Polyester labels are our most durable variant, and are generally used for a more challenging label application which calls for more durability, abrasion resistance, higher heat resistance and UV stability. If you want your packaging to stand out from the competition and make an impact with customers, look no further. We offer designs printed in rolls of five multi-purpose shapes: choose between rectangle, square, circle, oval, or a custom design of your choice.  All Poly and BOPP labels now have standard UV coating."
",Labels and Packaging,140,"","","","","",2024-09-16 15:57:49"",""2024-09-16 15:57:49"""
"183,6,33,Paper Roll Labels,Paper-roll-labels,SKU-KI4IYHDR,""Paper labels are the most popular and cost-effective type of labels that we offer, and can be utilized in a variety of applications and forms of branding. We offer designs printed in rolls of five multi-purpose shapes: choose between rectangle, square, circle, oval, or a custom design of your choice."",Labels and Packaging,125,"""","""","""","""","""",""2024-09-16 15:57:49"",""2024-09-16 15:57:49"""
"184,6,34,Straight Tuck End Product Box,Straight-tuck-end-product-box,SKU-KALLWPHH,Display your client’s brand using custom product boxes with their logo or design. These branded boxes have a straight tuck end (STE).,Labels and Packaging,255,"""","""","""","""","""",""2024-09-16 15:57:49"",""2024-09-16 15:57:49"""
"185,6,34,Reverse Tuck End Product Box,Reverse-tuck-end-product-box,SKU-OK1XFWYF,""Experience convenience and efficiency with our Reverse Tuck End Boxes. Their distinctive design, featuring top and bottom flaps that tuck in opposite directions, ensures both a secure closure and effortless assembly."",Labels and Packaging,710,"""","""","""","""","""",""2024-09-16 15:57:49"",""2024-09-16 15:57:49"""
"186,6,34,Auto-Lock Bottom Product Box,Auto-lock-bottom-product-box,SKU-WHE4AOUF,""Auto lock bottom boxes offer streamlined packaging with a pre-glued, easy-to-fold bottom, ensuring efficient assembly and robust product protection."",Labels and Packaging,810,"""","""","""","""","""",""2024-09-16 15:57:49"",""2024-09-16 15:57:49"""
"187,6,34,Product Box Sleeves,Product-box-sleeves,SKU-GXUUWUCB,""Box sleeves are a cover that slides over a box to provide additional branding or information. They are customizable, easy to apply, and enhance the product's visual appeal without altering the box's structure."",Labels and Packaging,1835,"""","""","""","""","""",""2024-09-16 15:57:49"",""2024-09-16 15:57:49"""
"188,6,,Square Cut Labels / Stickers,Square-cut-labels,SKU-W4TZRCGY,Multi-purpose labels that offer a professional presence for your customer's products.,Labels and Packaging,39,"""","""","""","""","""",""2024-09-16 15:57:49"",""2024-09-16 15:57:49"""
"189,7,35,Mens 9.3oz Heritage Jersey T-Shirt,t2102,SKU-JKJRDRJA,Our Champion jersey t-shirts are ready to be printed with your client's logo or design. We help you make T-shirt printing convenient and profitable.,Apparel,22,"""","""","""","""","""",""2024-09-16 15:57:49"",""2024-09-16 15:57:49"""
"190,7,35,Next Level Mens Sueded T-Shirt,""6440"",SKU-Q1Q0H9SY,Our Next Level sueded T-shirts are ready to be printed with your client's logo or design. Print custom T-shirts now at wholesale prices.,Apparel,24,"""","""","""","""","""",""2024-09-16 15:57:50"",""2024-09-16 15:57:50"""
"191,7,35,Fruit of the Loom Adult 8.3oz Cotton V-neck,""39vr"",SKU-XK211HMI,Our Fruit of the Loom v-neck t-shirts are ready to be printed with your client's logo or design. Print personalised T-shirts now at wholesale prices.,Apparel,15.5,"""","""","""","""","""",""2024-09-16 15:57:50"",""2024-09-16 15:57:50"""
"192,7,35,Next Level Unisex Poly/Cotton Crew,""6200"",SKU-SYSHZMGQ,Our Next Level poly/cotton t-shirts are ready to be printed with your client's logo or design,Apparel,21,"""","""","""","""","""",""2024-09-16 15:57:50"",""2024-09-16 15:57:50"""
"193,7,35,Gildan Adult Ultra Cotton T-shirt,G200T,SKU-OTUJL475,These popular cotton T-shirts are now available in tall sizes and are ready to be decorated with your client’s logo or design. Get no-minimum T-shirt printing at wholesale prices.,Apparel,18.5,"""","""","""","""","""",""2024-09-16 15:57:50"",""2024-09-16 15:57:50"""
"194,7,35,Gildan Adult Softstyle V-Neck T-Shirt,G64V,SKU-F6SGZPJ2,Print custom Gildan T-shirts in V-neck style with your client’s logo or design. Get no-minimum T-shirt printing at wholesale prices.,Apparel,15.5,"""","""","""","""","""",""2024-09-16 15:57:50"",""2024-09-16 15:57:50"""
"195,7,35,Gildan Hammer Adult T-Shirt,H000,SKU-Y2E78FBX,Custom print these classic fit tees with no minimum order quantities. The cotton in these T-shirts were grown sustainably and fairly.,Apparel,17.5,"""","""","""","""","""",""2024-09-16 15:57:50"",""2024-09-16 15:57:50"""
"196,7,35,Next Level Unisex Ringer T-Shirt,""3604"",SKU-DGUPCXVL,These unisex cotton T-shirts have contrasting collars and sleeve cuffs. Get them custom printed without minimum order quantities.,Apparel,21,"""","""","""","""","""",""2024-09-16 15:57:50"",""2024-09-16 15:57:50"""
"197,7,35,Champion Adult 6oz Short Sleeve T-Shirt,T525C,SKU-BZ1YEZ4U,Customize Champion T-shirts without minimum order quantities. Each shirt displays the brand’s “C” logo on its left sleeve.,Apparel,18,"""","""","""","""","""",""2024-09-16 15:57:50"",""2024-09-16 15:57:50"""
"198,7,35,Anvil by Guildan Softstyle Lightweight T-Shirt,""980"",SKU-DQY62PCB,""These soft T-shirts have a smooth, high-density surface that enhances the print quality. Print in full color with no order minimums or setup fees."",Apparel,15,"""","""","""","""","""",""2024-09-16 15:57:50"",""2024-09-16 15:57:50"""
"199,7,35,Jerzees Adult Dry-Power Active T-Shirt,""29M"",SKU-SQUYW1GC,These T-shirts are made from a fabric that contains sustainably sourced cotton. They’re ideal for custom printed activewear with no order minimums.,Apparel,15.5,"""","""","""","""","""",""2024-09-16 15:57:50"",""2024-09-16 15:57:50"""
"200,7,35,Bella + Canva Unisex Triblend V-Neck T-Shirt,""3415C"",SKU-QOWOGCKZ,Our Bella Canvas triblend v-neck T-shirts are ready to be printed with your client's logo or design. Order tri-blend T-shirt printing now at wholesale prices.,Apparel,21,"""","""","""","""","""",""2024-09-16 15:57:51"",""2024-09-16 15:57:51"""
"201,7,35,Next Level Mens CVC V,""6240"",SKU-KXFLXC8S,Our Next Level CVC crew shirts are ready to be printed with your client's logo or design. Print wholesale custom T-shirts that help you profit.,Apparel,21,"""","""","""","""","""",""2024-09-16 15:57:51"",""2024-09-16 15:57:51"""
"202,7,35,American Apparel Unisex Poly-Cotton Short Sleeve Crewneck,BB401W,SKU-XP0INL1C,Our American Apparel cotton and polyester shirts are ready to be printed with your client's logo or design. Print custom T-shirts now at wholesale prices.,Apparel,18.5,"""","""","""","""","""",""2024-09-16 15:57:51"",""2024-09-16 15:57:51"""
"203,7,35,American Apparel Unisex Fine Jersey Short Sleeve T-Shirt,""2001W"",SKU-AIFNGZQW,Our American Apparel jersey t-shirts are ready to be printed with your client's logo or design. Print wholesale custom T-shirts now.,Apparel,17.5,"""","""","""","""","""",""2024-09-16 15:57:51"",""2024-09-16 15:57:51"""
"204,7,35,Next Level Tri-Blend Mens Crew,""6010"",SKU-6YBNWBER,Our Next Level triblend crew t-shirts are ready to be printed with your client's logo or design. ,Apparel,19.5,"""","""","""","""","""",""2024-09-16 15:57:51"",""2024-09-16 15:57:51"""
"205,7,35,Bella + Canva Unisex Triblend t_shirt,""3413C"",SKU-LHC5ISCZ,Our Bella Canvas triblend T-shirts are ready to be printed with your client's logo or design. Print personalised tri-blend T-shirts now at wholesale prices.,Apparel,21.5,"""","""","""","""","""",""2024-09-16 15:57:51"",""2024-09-16 15:57:51"""
"206,7,35,Bella + Canva Unisex Jersey T-Shirt,""3001C"",SKU-P1OBAAKZ,Our Bella Canvas T-shirts are ready to be printed with your client's logo or design. Print 100% cotton custom T-shirts now at wholesale prices.,Apparel,19.5,"""","""","""","""","""",""2024-09-16 15:57:51"",""2024-09-16 15:57:51"""
"207,7,35,Next Level Unisex Cotton T-Shirt,""3600"",SKU-ZQXHAMES,Our Next Level t-shirts are ready to be printed with your client's logo or design. Order T-shirt printing online at wholesale prices that help you profit.,Apparel,19.5,"""","""","""","""","""",""2024-09-16 15:57:51"",""2024-09-16 15:57:51"""
"208,7,35,Fruit of the Loom Adult 8.3oz HD Cotton T-Shirt,""3931"",SKU-4JC9V6HN,Our Fruit of the Loom t-shirts are ready to be printed with your client's logo or design. Get custom T-shirt printing done now at wholesale prices.,Apparel,14.5,"""","""","""","""","""",""2024-09-16 15:57:51"",""2024-09-16 15:57:51"""
"209,7,35,Gildan Adult Ultra Cotton 10oz T-Shirt,G200,SKU-YUSM3FM1,Our Gildan ultra cotton T-shirts are ready to be printed with your client's logo or design. Get custom apparel printing done now at wholesale prices.,Apparel,14.5,"""","""","""","""","""",""2024-09-16 15:57:52"",""2024-09-16 15:57:52"""
"210,7,35,Gildan Adult Softstyle 7.5oz T-Shirt,G640,SKU-WRNBFMDX,Our Gildan soft T-shirts are ready to be printed with your client's logo or design. Order T-shirt printing online now at wholesale prices.,Apparel,14.5,"""","""","""","""","""",""2024-09-16 15:57:52"",""2024-09-16 15:57:52"""
"211,7,35,Gildan Adult Heavy Cotton 8.8oc T-Shirt,G500,SKU-UM0JAKQJ,Our Gildan heavy cotton T-shirts are ready to be printed with your client's logo or design. Order custom T-shirt printing now at wholesale prices,Apparel,12.5,"""","""","""","""","""",""2024-09-16 15:57:52"",""2024-09-16 15:57:52"""
"212,7,35,Gildan Adult Heavy Cotton 8.8oz Long Sleeve T-Shirt,G540,SKU-9CM0QCBU,Our Gildan heavy cotton long sleeve shirts are ready to be printed with your client's logo or design. Print personalized long sleeve shirts at wholesale prices.,Apparel,17.5,"""","""","""","""","""",""2024-09-16 15:57:52"",""2024-09-16 15:57:52"""
"213,7,36,Gildan Adult Ultra Cotton 10oz Long Sleeve T-Shirt,G240,SKU-OATM99XL,Our Gildan long sleeve T-shirts are ready to be printed with your client's logo or design. Print ultra cotton long sleeve shirts wholesale today for your clients.,Apparel,17.5,"""","""","""","""","""",""2024-09-16 15:57:52"",""2024-09-16 15:57:52"""
"214,7,36,Fruit of the Loom Adult 8.3oz HD Cotton Long Sleeve T-Shirt,""4930"",SKU-8G80Q75J,Our Fruit of the Loom long sleeve shirts are ready to be printed with your client's logo or design. Print personalised T-shirts now at wholesale prices,Apparel,16.5,"""","""","""","""","""",""2024-09-16 15:57:52"",""2024-09-16 15:57:52"""
"215,7,36,Bella + Canva Unisex Jersey Long Sleeve T-Shirt,""3501"",SKU-9IGODFWT,Our Bella Canvas long sleeve shirts are ready to be printed with your client's logo or design. We help you make custom T-shirt printing profitable.,Apparel,21,"""","""","""","""","""",""2024-09-16 15:57:52"",""2024-09-16 15:57:52"""
"216,7,36,Next Level Mens Cotton Long Sleeve Crew,N3601,SKU-GXZFK96F,Our Next Level long sleeve shirts are ready to be printed with your client's logo or design. Print long sleeve shirts wholesale today and make a profit.,Apparel,22.5,"""","""","""","""","""",""2024-09-16 15:57:52"",""2024-09-16 15:57:52"""
"217,7,36,Gildan Adult 50/50 Long-Sleeve T-Shirt,G840,SKU-BZNXQ9XN,These moisture-wicking long sleeve shirts are ready to be printed with your client’s designs. The fabric blend contains sustainably and fairly grown cotton,Apparel,18.5,"""","""","""","""","""",""2024-09-16 15:57:52"",""2024-09-16 15:57:52"""
"218,7,37,Anvil by Gildan-Softstyle Lightweight Hooded Long Sleeve T- Shirt,""987"",SKU-V6Y818A9,This lightweight long sleeve shirt has an extra value-adding feature: a drawstring hood. Print in full color with no order minimums or setup fees.,Apparel,26.5,"""","""","""","""","""",""2024-09-16 15:57:52"",""2024-09-16 15:57:52"""
"219,7,37,Guildan Adult Heavy Blend 13.3oz 50/50 Fleece,G180,SKU-TUKNIK5V,""Our Gildan crewneck sweatshirts are ready to be printed with your client's logo or design. Get custom apparel printing done at wholesale prices. There is no minimum order quantity, so you can profit even from one-off orders for sweaters."",Apparel,22.5,"""","""","""","""","""",""2024-09-16 15:57:52"",""2024-09-16 15:57:52"""
"220,7,37,Champion 12oz Double Dry Eco Crew,S600,SKU-C5GR5EPJ,""Our Champion crewneck sweatshirts are ready to be printed with your client's logo or design. Enjoy high quality custom apparel printing that helps you profit. There is no minimum order quantity, so you can profit even from one-off orders for sweaters."",Apparel,33.5,"""","""","""","""","""",""2024-09-16 15:57:53"",""2024-09-16 15:57:53"""
"221,7,37,Fruit of the Loom Adult 20oz Supercotton Fleece,""82300"",SKU-UHW6HLXU,""Our Fruit of the Loom sweatshirts are ready to be printed with your client's logo or design. Print apparel wholesale, mark up and profit. There is no minimum order quantity, so you can profit even from one-off orders for sweaters."",Apparel,26.5,"""","""","""","""","""",""2024-09-16 15:57:53"",""2024-09-16 15:57:53"""
"222,7,37,Bella + Canva Unisex Sponge Fleece Crewneck,""3901"",SKU-VDT1Z1FQ,""Our Bella Canvas crewneck sweatshirts are ready to be printed with your client's logo or design. Earn more with SinaLite's custom apparel printing services. There is no minimum order quantity, so you can profit even from one-off orders for sweaters."",Apparel,36.5,"""","""","""","""","""",""2024-09-16 15:57:53"",""2024-09-16 15:57:53"""
"223,7,38,Gildan Adult Heavy Blend 13.3oz 50/50 Hood,G185,SKU-NWFTFFYL,""Our Gildan hoodies are ready to be printed with your client's logo or design. Print custom hooded sweatshirts now at wholesale prices. There is no minimum order quantity, so you can profit even from one-off orders for hooded sweaters"",Apparel,27.5,"""","""","""","""","""",""2024-09-16 15:57:53"",""2024-09-16 15:57:53"""
"224,7,38,Champion 12oz Double Dry Eco Pullover Hood,S700,SKU-ITI052RH,""Our Fruit of the Loom hoodies are ready to be printed with your client's logo or design. Print 60% cotton 40% polyester hoodies at wholesale prices. There is no minimum order quantity, so you can profit even from one-off orders for hooded sweaters."",Apparel,40,"""","""","""","""","""",""2024-09-16 15:57:53"",""2024-09-16 15:57:53"""
"225,7,38,Fruit of the Loom Adult 12oz SofSpun Hooded,SF76R,SKU-ECAW3TZY,""Our Fruit of the Loom hoodies are ready to be printed with your client's logo or design. Print 60% cotton 40% polyester hoodies at wholesale prices. There is no minimum order quantity, so you can profit even from one-off orders for hooded sweaters."",Apparel,27.5,"""","""","""","""","""",""2024-09-16 15:57:53"",""2024-09-16 15:57:53"""
"226,7,38,Bella + Canva Unisex Sponge Fleece Pullover ,""3719"",SKU-CAFDWDBX,""Our Bella Canvas pullover hoodies are ready to be printed with your client's logo or design. Print custom sweatshirts and hoodies at wholesale prices. There is no minimum order quantity, so you can profit even from one-off orders for hooded sweaters."",Apparel,36.5,"""","""","""","""","""",""2024-09-16 15:57:53"",""2024-09-16 15:57:53"""
"227,7,38,Jerzes Adult NuBlend Fleece Pullover Hooded,""996"",SKU-0QL1TWTU,""These pullover hoodies are made with a cotton-polyester blend, which contains sustainably sourced cotton. Get them custom printed with no order minimums. There is no minimum order quantity, so you can profit even from one-off orders for hooded sweaters."",Apparel,27.5,"""","""","""","""","""",""2024-09-16 15:57:53"",""2024-09-16 15:57:53"""
"228,7,39,Gildan Adult Ultra Cotton 10oz Tank,G220,SKU-HWM4O7EL,Our Gildan ultra cotton tank tops are ready to be printed with your client's logo or design. Print 100% cotton tank tops now at wholesale prices.,Apparel,15.5,"""","""","""","""","""",""2024-09-16 15:57:53"",""2024-09-16 15:57:53"""
"229,7,39,Bella + Canvas Unisex Jersey Tank,""3480"",SKU-GWGHAZFG,Custom tank tops are perfect for printing with your client's personalized design. Print Bella Canvas 3480 tanks from SinaLite at wholesale prices.,Apparel,18.5,"""","""","""","""","""",""2024-09-16 15:57:53"",""2024-09-16 15:57:53"""
"230,7,39,American Apparel Unisex Fine Jersey Tank,""2408W"",SKU-QH8TAQEK,Our Bella Canvas muscle tank tops are ready to be printed with your client's logo or design. Print custom muscle tank tops now at wholesale prices.,Apparel,20,"""","""","""","""","""",""2024-09-16 15:57:54"",""2024-09-16 15:57:54"""
"231,7,39,Fruit of the loom Adult HD Cotton,""39TKR"",SKU-AC6P3TZX,Print custom tank tops for your clients without order minimums. We’ll decorate them at wholesale prices that help you profit.,Apparel,15.5,"""","""","""","""","""",""2024-09-16 15:57:54"",""2024-09-16 15:57:54"""
"232,7,40,Core 365 88181 Polo,""88181"",SKU-9EOKICUX,""Embroider this 100% polyester polo shirt with moisture-wicking and UV protection properties. Best of all, there’s no order minimum."",Apparel,17.5,"""","""","""","""","""",""2024-09-16 15:57:54"",""2024-09-16 15:57:54"""
"233,7,40,Core 365 88192 Polo,""88192"",SKU-FXNZQKTN,""Embroider this 100% polyester long sleeve polo shirt with moisture-wicking and UV protection properties. Best of all, there’s no order minimum."",Apparel,24.5,"""","""","""","""","""",""2024-09-16 15:57:54"",""2024-09-16 15:57:54"""
"234,7,40,M&O 7002 Polo,""7002"",SKU-USBJJPVA,Looking to achieve professionalism at a low cost? These affordable custom polos are ready to be embroidered with your client’s brand.,Apparel,17.5,"""","""","""","""","""",""2024-09-16 15:57:54"",""2024-09-16 15:57:54"""
"235,7,40,M&O 7006 Polo,""7006"",SKU-BA13PLDA,""Ready to be customized with your client’s embroidery design, these cotton-polyester blended polos are comfortable yet professional."",Apparel,17.5,"""","""","""","""","""",""2024-09-16 15:57:54"",""2024-09-16 15:57:54"""
"236,7,41,Gildan Ladies Ultra Cotton 10oz T-Shirts,G200L,SKU-UCAIGOCZ,Our Gildan ultra cotton shirts for women are ready to be printed with your client's logo or design. Now you can print personalised t-shirts for all your customers.,Apparel,14.5,"""","""","""","""","""",""2024-09-16 15:57:54"",""2024-09-16 15:57:54"""
"237,7,41,Gildans ladies Heavy Cotton 8.8oz T-Shirt,G500L,SKU-DTMYMI9Y,Our Gildan heavy cotton women's t-shirts are ready to be printed with your client's logo or design. We'll get your t-shirt printing done at wholesale prices.,Apparel,14.5,"""","""","""","""","""",""2024-09-16 15:57:54"",""2024-09-16 15:57:54"""
"238,7,41,Gildans Ladies Softstyle 7.5oz Fitted T-Shirt,G640L,SKU-2LYQXGLN,Our Gildan ladies' softstyle shirts are ready to be printed with your client's logo or design. Our custom t-shirt printing services help you profit.,Apparel,14.5,"""","""","""","""","""",""2024-09-16 15:57:54"",""2024-09-16 15:57:54"""
"239,7,41,Fruit of the Loom Ladies 8.3oz HD CottonTM,L3930R,SKU-QZHBISCX,Our Fruit of the Loom cotton t-shirts are ready to be printed with your client's logo or design. Print custom ladies' cotton t-shirts wholesale so that you can profit.,Apparel,14.5,"""","""","""","""","""",""2024-09-16 15:57:55"",""2024-09-16 15:57:55"""
"240,7,41,Fruit of the Loom adies 8.3oz HD Cotton V-Neck T-Shirt,L39VR,SKU-NJ0RWWEF,Our Fruit of the Loom women's V-neck t-shirts are ready to be printed with your client's logo or design. Our wholesale T-shirt printing is cost-effective while maintaining quality.,Apparel,14.5,"""","""","""","""","""",""2024-09-16 15:57:55"",""2024-09-16 15:57:55"""
"241,7,41,Bella + Canva Ladies The Favorite T-Shirt,""6004"",SKU-9TPOE1MY,""Our Bella Canvas ladies' t-shirts are ready to be printed with your client's logo or design. With comfort and style, they're called the women's favorite tee."",Apparel,18.5,"""","""","""","""","""",""2024-09-16 15:57:55"",""2024-09-16 15:57:55"""
"242,7,41,Next Level Ladies Boyfriend T-Shirt,N3900,SKU-C977W6BY,""Our Next Level women's boyfriend T-shirts are ready to be printed with your client's logo or design. Whether you need bulk t-shirt printing, or just 1 shirt, we'll get it done."",Apparel,19.5,"""","""","""","""","""",""2024-09-16 15:57:55"",""2024-09-16 15:57:55"""
"243,7,41,Bella + Canva Ladies Triblend,B8413,SKU-HCZYIPTD,Our Bella Canvas ladies' triblend t-shirts are ready to be printed with your client's logo or design. Now you can print custom tri blend t-shirts for your clients.,Apparel,16.68,"""","""","""","""","""",""2024-09-16 15:57:55"",""2024-09-16 15:57:55"""
"244,7,41,Bella + Canva Ladies Relaxed Jersey V-Neck ,""6405"",SKU-W4CXZA8J,This V-neck T-shirt with a relaxed fit is ready to be decorated with your client’s branding or design. Print with no minimums at wholesale prices.,Apparel,19.5,"""","""","""","""","""",""2024-09-16 15:57:55"",""2024-09-16 15:57:55"""
"245,7,41,Gildan Heavy Cotton Womens V-Neck T-Shirt,""5V00L"",SKU-ECOTMK54,Decorate these thick cotton V-neck T-shirts with your client’s branding or design. Our wholesale prices an no-minimum printing help you profit.,Apparel,15.5,"""","""","""","""","""",""2024-09-16 15:57:55"",""2024-09-16 15:57:55"""
"246,7,41,Anvil by Gildan Softstyle Womens LightWeight T-Shirt,""880"",SKU-NGONOEUI,""These ladies’ T-shirts have a smooth, high-density surface that enhances the print quality. Print in full color with no order minimums or setup fees."",Apparel,17.5,"""","""","""","""","""",""2024-09-16 15:57:55"",""2024-09-16 15:57:55"""
"247,7,41,Bella + Canva Ladies Flowing Long-Sleeve T-Shirt,""8850"",SKU-SBUFAKPB,Our Bella Canvas flowy love sleeve shirts are ready to be printed with your client's logo or design. This off-the-shoulder top is comfortable and stylish.,Apparel,28.5,"""","""","""","""","""",""2024-09-16 15:57:55"",""2024-09-16 15:57:55"""
"248,7,42,Next Level Ladies Trieblend Racerback Tank,""6733"",SKU-ETCTJN16,Our Next Level women's racerback tanks are ready to be printed with your client's logo or design. Print tribend tank tops at wholesale prices now.,Apparel,19.5,"""","""","""","""","""",""2024-09-16 15:57:56"",""2024-09-16 15:57:56"""
"249,7,42,Bella + canva Ladies Flowy Racerback Tank,B8800,SKU-X9YPIZ6P,Our Bella Canvas tank tops are ready to be printed with your client's logo or design. Customize ladies' apparel and more. Then mark up to profit.,Apparel,20,"""","""","""","""","""",""2024-09-16 15:57:56"",""2024-09-16 15:57:56"""
"250,7,42,Bella + Canva Ladies Triblend Racerback Tank,""8430"",SKU-ASC7PQP4,Our Bella Canvas tank tops are ready to be printed with your client's logo or design. Customize ladies' apparel and more. Then mark up to profit.,Apparel,19.5,"""","""","""","""","""",""2024-09-16 15:57:56"",""2024-09-16 15:57:56"""
"251,7,42,Bella + Canva Ladies Jrsey Muscle Tank,B6003,SKU-8F0H2YXH,Our Bella Canvas jersey tank tops are ready to be printed with your client's logo or design. Print women's muscle tanks and more with a unique design.,Apparel,18.5,"""","""","""","""","""",""2024-09-16 15:57:56"",""2024-09-16 15:57:56"""
"252,7,43,Core 365 78181,""78181"",SKU-UQ1YEJAT,""Embroider this 100% polyester women’s polo shirt with moisture-wicking and UV protection properties. Best of all, there’s no order minimum."",Apparel,17.5,"""","""","""","""","""",""2024-09-16 15:57:56"",""2024-09-16 15:57:56"""
"253,7,43,Core 365 78192,""78192"",SKU-YFPPGHXI,""Embroider this 100% polyester women’s long sleeve polo shirt with moisture-wicking and UV protection properties. Best of all, there’s no order minimum."",Apparel,20.5,"""","""","""","""","""",""2024-09-16 15:57:57"",""2024-09-16 15:57:57"""
"254,7,44,Gildan Youth Ultra Cotton 10oz T-shirt,G200B,SKU-4OFBZEJA,Our Gildan youth cotton t-shirts are ready to be printed with your client's logo or design. Now you can offer kids' cotton t-shirts printed with custom artwork.,Apparel,14.5,"""","""","""","""","""",""2024-09-16 15:57:57"",""2024-09-16 15:57:57"""
"255,7,44,Gildan Youth Heavy Cotton 8.8oz T-Shirt,G500B,SKU-6NRVT8MI,Our Gildan youth t-shirts are ready to be printed with your client's logo or design. The heavy cotton adds extra warm to these custom printed shirts for kids.,Apparel,14.5,"""","""","""","""","""",""2024-09-16 15:57:57"",""2024-09-16 15:57:57"""
"256,7,44,Next Level Youth Boys Cotton Crew,""3310"",SKU-ICBGHEUN,Our Next Level kids' cotton T-shirts are ready to be printed with your client's logo or design. We'll make t-shirt printing easier so you can focus on your print profits.,Apparel,18.5,"""","""","""","""","""",""2024-09-16 15:57:57"",""2024-09-16 15:57:57"""
"257,7,44,Bella + Canvas Youth Jersey T-Shirt,""3001Y"",SKU-IPECKGH3,Our Bella Canvas youth jersey t-shirts are ready to be printed with your client's logo or design. Now you can print clothing for children and more.,Apparel,18.5,"""","""","""","""","""",""2024-09-16 15:57:57"",""2024-09-16 15:57:57"""
"258,7,44,Bella + Canvas Youth Triblend Short Sleeve T-Shirt,""3413Y"",SKU-SWBNPZXJ,""Our Bella Canvas youth t-shirts are ready to be printed with your client's logo or design. These are made from polyester, cotton and rayon."",Apparel,21.5,"""","""","""","""","""",""2024-09-16 15:57:58"",""2024-09-16 15:57:58"""
"259,7,45,Gildan Youth Ultra Cotton 10oz Lon Sleee T-Shirt,G240B,SKU-WIZLTWSH,Our Gildan youth shirts are ready to be printed with your client's logo or design. Order these printed long sleeve t-shirts in bulk or one by one.,Apparel,19.5,"""","""","""","""","""",""2024-09-16 15:57:58"",""2024-09-16 15:57:58"""
"260,7,46,Gildan Youth Heavy Blend 13.3oz 50/50 Hood,G185B,SKU-QTUJOBKG,""Our Gildan heavy blend hoodies are ready to be printed with your client's logo or design. Print custom hoodies and hooded sweatshirts at wholesale prices. There is no minimum order quantity, so you can profit even from one-off orders for hooded sweaters."",Apparel,26.5,"""","""","""","""","""",""2024-09-16 15:57:58"",""2024-09-16 15:57:58"""
"261,7,46,Gildan Youth Heavy Blend 13.3oz 50/50 leece Crew,G180B,SKU-JRBOOHWU,""Our Gildan sweaters are ready to be printed with your client's logo or design. Your customers will love these custom printed youth crewneck sweaters. There is no minimum order quantity, so you can profit even from one-off orders for sweaters."",Apparel,25.5,"""","""","""","""","""",""2024-09-16 15:57:58"",""2024-09-16 15:57:58"""
"262,7,47,ATC C130,C130,SKU-CKDGPNFH,These custom embroidered baseball caps are popular and affordable to help you profit. Choose from a variety of colors to suit your client’s needs.,Apparel,11.5,"""","""","""","""","""",""2024-09-16 15:57:58"",""2024-09-16 15:57:58"""
"263,7,47,Yupoong 6606,""6606"",SKU-BLSNNFYC,Embroider polyester-cotton blend caps with no minimums. These custom hats have a structured fit and a comfortable mesh back to keep the user cool.,Apparel,14.5,"""","""","""","""","""",""2024-09-16 15:57:58"",""2024-09-16 15:57:58"""
"264,7,47,Yupoong 6245CM,""6245CM"",SKU-0Y2KZIY6,""Embroider cotton caps with no minimums. When worn, these custom baseball caps take on the classic shape that’s been popular for decades."",Apparel,15.5,"""","""","""","""","""",""2024-09-16 15:57:59"",""2024-09-16 15:57:59"""
"265,7,47,Yupong 6006,""6006"",SKU-YLXVRT6V,Embroider these mesh-back caps with no minimums. These custom hats have a a trendy flat bill and they’re structured to keep their shape.,Apparel,14.5,"""","""","""","""","""",""2024-09-16 15:57:59"",""2024-09-16 15:57:59"""
"266,7,47,Flexfit 6277,""6277"",SKU-T6KC4CKS,Embroider these triblend caps with no minimums. These custom baseball caps are structured to keep their shape and have a wool-like texture.,Apparel,16.75,"""","""","""","""","""",""2024-09-16 15:57:59"",""2024-09-16 15:57:59"""
"267,7,47,Yupoong 6089,""6089"",SKU-KM22RQLX,Embroider these acrylic-wool blend caps with no minimums. These custom baseball caps have a structured shape and eyelets for ventilation. They have a green undervisor.,Apparel,15.5,"""","""","""","""","""",""2024-09-16 15:57:59"",""2024-09-16 15:57:59"""
"268,7,48,Promoinal Tote,Q-Tees Q800,SKU-WCWP6UIK,""Need custom printed tote bags to fulfill your clients' needs? Get tote bags printed by ordering in just minutes. Your clients will love their new personalized printed tote bags, and you'll profit from our wholesale prices."",Apparel,15.75,"""","""","""","""","""",""2024-09-16 15:57:59"",""2024-09-16 15:57:59"""
"269,7,48,""11L Canvas "",Q-Tees Q4400,SKU-GS2JCVH2,Custom printed canvas tote bags are all the rage. Order for your clients printed canvas bags at wholesale prices and watch your profits grow. We even offer free clipart images to use for your design.,Apparel,16.75,"""","""","""","""","""",""2024-09-16 15:57:59"",""2024-09-16 15:57:59"""